userName,content,score,reviewCreatedVersion,at,Sentimen (Aurel),Sentimen (Ade),Sentimen (Eky),Sentimen Akhir,translated_content,processed_text,textblob_ready_text,tokens,lemmatized_tokens,afinn_score,afinn_label,swn_pos_score,swn_neg_score,swn_sentiment_score,swn_label,senticnet_score,senticnet_label,textblob_polarity,textblob_subjectivity,textblob_label
lailita roza,"Bagus sekali, cepat kerjanya",5,4.3.0,2023-01-28 01:52:35,1.0,1.0,1.0,Positif,Very good. Let's get to work.,very good lets get to work,very good. let's get to work.,"['very', 'good', 'lets', 'get', 'to', 'work']","['very', 'good', 'let', 'get', 'to', 'work']",3.0,Positif,1.125,0.25,0.875,Positif,0.5455,Positif,0.9099999999999999,0.7800000000000001,Positif
Sofyan Mangka,Membantu,3,4.3.0,2023-01-13 03:22:18,1.0,1.0,1.0,Positif,Help,help,help,['help'],['help'],2.0,Positif,0.5,0.0,0.5,Positif,0.9,Positif,0.0,0.0,Netral
Rhea Media,bagus bagus,5,4.2.3,2022-01-20 09:00:00,1.0,1.0,1.0,Positif,Good. Good.,good good,good. good.,"['good', 'good']","['good', 'good']",6.0,Positif,1.25,0.0,1.25,Positif,0.191,Positif,0.7,0.6000000000000001,Positif
Suroto Suroto,Semoga bermanfaat,5,4.2.3,2022-12-01 13:46:33,1.0,1.0,1.0,Positif,I hope it's worth it.,i hope its worth it,i hope it's worth it.,"['i', 'hope', 'its', 'worth', 'it']","['i', 'hope', 'its', 'worth', 'it']",4.0,Positif,0.125,0.125,0.0,Netral,0.515,Positif,0.3,0.1,Positif
Andre Aji Saputra,Gilak mau mintak kode verifiaksi aja harus ada pulsa,1,4.2.3,2022-01-04 10:26:00,-1.0,-1.0,-1.0,Negatif,It's crazy to ask for a verbic code. There has to be a pulse.,its crazy to ask for a verbic code there has to be a pulse,it's crazy to ask for a verbic code. there has to be a pulse.,"['its', 'crazy', 'to', 'ask', 'for', 'a', 'verbic', 'code', 'there', 'has', 'to', 'be', 'a', 'pulse']","['its', 'crazy', 'to', 'ask', 'for', 'a', 'verbic', 'code', 'there', 'have', 'to', 'be', 'a', 'pulse']",-2.0,Negatif,0.5,0.5,0.0,Netral,0.627,Positif,-0.6,0.9,Negatif
ISMAT VAISZ HASSMY,Bagus,5,4.3.0,2023-01-30 18:06:04,1.0,1.0,1.0,Positif,Good.,good,good.,['good'],['good'],3.0,Positif,0.75,0.0,0.75,Positif,0.191,Positif,0.7,0.6000000000000001,Positif
Amri Seven,Good lah,5,4.3.0,2023-01-20 13:41:58,1.0,1.0,1.0,Positif,Good for you.,good for you,good for you.,"['good', 'for', 'you']","['good', 'for', 'you']",3.0,Positif,0.75,0.0,0.75,Positif,0.191,Positif,0.7,0.6000000000000001,Positif
LAHAGU ASAFATI,Baik,5,4.2.3,2022-01-01 02:25:00,1.0,1.0,1.0,Positif,Okay.,okay,okay.,['okay'],['okay'],0.0,Netral,0.125,0.125,0.0,Netral,0.17,Positif,0.5,0.5,Positif
Siti nurul Aisa,Sangat memudahkan untuk mencari informasi fasilitas kesehatan maupun perubahan data,5,4.3.0,2023-01-18 03:24:03,1.0,1.0,1.0,Positif,It is very easy to find information about health facilities as well as data changes,it is very easy to find information about health facilities as well as data changes,it is very easy to find information about health facilities as well as data changes,"['it', 'is', 'very', 'easy', 'to', 'find', 'information', 'about', 'health', 'facilities', 'as', 'well', 'as', 'data', 'changes']","['it', 'be', 'very', 'easy', 'to', 'find', 'information', 'about', 'health', 'facility', 'as', 'well', 'as', 'data', 'change']",1.0,Positif,2.125,0.75,1.375,Positif,0.4515,Positif,0.5633333333333334,1.0,Positif
Cahya Bela Nafisha,Bagus dan sangat membantu,4,4.2.3,2022-01-03 02:17:00,1.0,1.0,1.0,Positif,Nice and very helpful.,nice and very helpful,nice and very helpful.,"['nice', 'and', 'very', 'helpful']","['nice', 'and', 'very', 'helpful']",5.0,Positif,1.375,0.25,1.125,Positif,-0.4085,Negatif,0.4,0.65,Positif
Santo Santo,"Kenapa tiap kali masuk susah bener, katanya perangkat anda sudah di gunakan untuk login lebih dari 3 nomor induk kependudukan (nik) yg berbeda, solusi nya gimana supaya saya bisa menggunakan mobile jkn ini seperti semula??? Saya sudah upgrade ulang tapi tidak juga bisa di gunakan untuk cek yang lain,tks",1,4.2.3,2022-01-29 13:28:00,-1.0,-1.0,-1.0,Negatif,"Why is it that every time you come in so hard, you say your device has been used for more than three different parent numbers, how can I use the mobile wouldn't be like this??? I've been re-upgraded but can't be used for another check, either.",why is it that every time you come in so hard you say your device has been used for more than three different parent numbers how can i use the mobile wouldnt be like this ive been reupgraded but cant be used for another check either,"why is it that every time you come in so hard, you say your device has been used for more than three different parent numbers, how can i use the mobile wouldn't be like this??? i've been re-upgraded but can't be used for another check, either.","['why', 'is', 'it', 'that', 'every', 'time', 'you', 'come', 'in', 'so', 'hard', 'you', 'say', 'your', 'device', 'has', 'been', 'used', 'for', 'more', 'than', 'three', 'different', 'parent', 'numbers', 'how', 'can', 'i', 'use', 'the', 'mobile', 'wouldnt', 'be', 'like', 'this', 'ive', 'been', 'reupgraded', 'but', 'cant', 'be', 'used', 'for', 'another', 'check', 'either']","['why', 'be', 'it', 'that', 'every', 'time', 'you', 'come', 'in', 'so', 'hard', 'you', 'say', 'your', 'device', 'have', 'be', 'use', 'for', 'more', 'than', 'three', 'different', 'parent', 'number', 'how', 'can', 'i', 'use', 'the', 'mobile', 'wouldnt', 'be', 'like', 'this', 'ive', 'be', 'reupgraded', 'but', 'cant', 'be', 'use', 'for', 'another', 'check', 'either']",1.0,Positif,2.125,1.75,0.375,Positif,0.082,Positif,0.06944444444444443,0.5472222222222222,Positif
Muhammad Baim,"Aplikasi bagus & bermanfaat sekali untuk keluarga saya, Terima kasih 🙏",5,4.2.3,2022-01-28 02:23:00,1.0,1.0,1.0,Positif,"It's a great application. & very useful to my family, Thank you. &lt;i&gt;Is that so?&lt;/i&gt; &lt;i&gt; Thank you.&lt;/i&gt; &lt;i&gt; Thank you.&lt;/i&gt; &lt;i&gt; Thank you. &lt;i&gt; Thank you.&lt;/i&gt; &lt;i&gt; Thank you. &lt;/i&gt; &lt;i&gt; Thank you. &lt;/i&gt; &lt;/i&gt; &lt;i&gt; Thank you. &lt;/i&gt; &lt;/i&gt;",its a great application very useful to my family thank you ltigtis that soltigt ltigt thank youltigt ltigt thank youltigt ltigt thank you ltigt thank youltigt ltigt thank you ltigt ltigt thank you ltigt ltigt ltigt thank you ltigt ltigt,"it's a great application. & very useful to my family, thank you. &lt;i&gt;is that so?&lt;/i&gt; &lt;i&gt; thank you.&lt;/i&gt; &lt;i&gt; thank you.&lt;/i&gt; &lt;i&gt; thank you. &lt;i&gt; thank you.&lt;/i&gt; &lt;i&gt; thank you. &lt;/i&gt; &lt;i&gt; thank you. &lt;/i&gt; &lt;/i&gt; &lt;i&gt; thank you. &lt;/i&gt; &lt;/i&gt;","['its', 'a', 'great', 'application', 'very', 'useful', 'to', 'my', 'family', 'thank', 'you', 'ltigtis', 'that', 'soltigt', 'ltigt', 'thank', 'youltigt', 'ltigt', 'thank', 'youltigt', 'ltigt', 'thank', 'you', 'ltigt', 'thank', 'youltigt', 'ltigt', 'thank', 'you', 'ltigt', 'ltigt', 'thank', 'you', 'ltigt', 'ltigt', 'ltigt', 'thank', 'you', 'ltigt', 'ltigt']","['its', 'a', 'great', 'application', 'very', 'useful', 'to', 'my', 'family', 'thank', 'you', 'ltigtis', 'that', 'soltigt', 'ltigt', 'thank', 'youltigt', 'ltigt', 'thank', 'youltigt', 'ltigt', 'thank', 'you', 'ltigt', 'thank', 'youltigt', 'ltigt', 'thank', 'you', 'ltigt', 'ltigt', 'thank', 'you', 'ltigt', 'ltigt', 'ltigt', 'thank', 'you', 'ltigt', 'ltigt']",21.0,Positif,0.25,0.25,0.0,Netral,0.7769166666666667,Positif,0.595,0.375,Positif
abdul hakim,"Dengan aplikasi JKN sangat membantu sekali, terima kasih mobile JKN.",5,4.2.3,2022-01-16 01:47:00,1.0,1.0,1.0,Positif,"With JKN apps it's very helpful, thank you mobile JKN.",with jkn apps its very helpful thank you mobile jkn,"with jkn apps it's very helpful, thank you mobile jkn.","['with', 'jkn', 'apps', 'its', 'very', 'helpful', 'thank', 'you', 'mobile', 'jkn']","['with', 'jkn', 'apps', 'its', 'very', 'helpful', 'thank', 'you', 'mobile', 'jkn']",4.0,Positif,0.5,0.25,0.25,Positif,-0.019999999999999962,Netral,0.2,0.3,Positif
Syah Ria,Ok,5,4.3.0,2022-12-24 01:40:00,1.0,1.0,1.0,Positif,"All right, all right, all right, all right, all right, all right, all right, all right, all right, all right, all right, all right, all right, let's go, let's go, let's go, let's go, let's go, let's go, let's go, let's go, let's go, let's go, let's go, let's go, let's go, let's go, let's go, let's go, let's go, let's go, let's go, let's go, let's go, let's go, let's go, let's go, let's go, let's go, let's go, let's go, let's go, let's go, let's go, let's go, let's go, let's go, let's go, let's go, let's go, let's go, let's go, let's go, let's go, let's go, let's go, let's go, let's go, let's go, let's go, let's go, let's go,",all right all right all right all right all right all right all right all right all right all right all right all right all right lets go lets go lets go lets go lets go lets go lets go lets go lets go lets go lets go lets go lets go lets go lets go lets go lets go lets go lets go lets go lets go lets go lets go lets go lets go lets go lets go lets go lets go lets go lets go lets go lets go lets go lets go lets go lets go lets go lets go lets go lets go lets go lets go lets go lets go lets go lets go lets go lets go,"all right, all right, all right, all right, all right, all right, all right, all right, all right, all right, all right, all right, all right, let's go, let's go, let's go, let's go, let's go, let's go, let's go, let's go, let's go, let's go, let's go, let's go, let's go, let's go, let's go, let's go, let's go, let's go, let's go, let's go, let's go, let's go, let's go, let's go, let's go, let's go, let's go, let's go, let's go, let's go, let's go, let's go, let's go, let's go, let's go, let's go, let's go, let's go, let's go, let's go, let's go, let's go, let's go, let's go, let's go, let's go, let's go, let's go, let's go,","['all', 'right', 'all', 'right', 'all', 'right', 'all', 'right', 'all', 'right', 'all', 'right', 'all', 'right', 'all', 'right', 'all', 'right', 'all', 'right', 'all', 'right', 'all', 'right', 'all', 'right', 'lets', 'go', 'lets', 'go', 'lets', 'go', 'lets', 'go', 'lets', 'go', 'lets', 'go', 'lets', 'go', 'lets', 'go', 'lets', 'go', 'lets', 'go', 'lets', 'go', 'lets', 'go', 'lets', 'go', 'lets', 'go', 'lets', 'go', 'lets', 'go', 'lets', 'go', 'lets', 'go', 'lets', 'go', 'lets', 'go', 'lets', 'go', 'lets', 'go', 'lets', 'go', 'lets', 'go', 'lets', 'go', 'lets', 'go', 'lets', 'go', 'lets', 'go', 'lets', 'go', 'lets', 'go', 'lets', 'go', 'lets', 'go', 'lets', 'go', 'lets', 'go', 'lets', 'go', 'lets', 'go', 'lets', 'go', 'lets', 'go', 'lets', 'go', 'lets', 'go', 'lets', 'go', 'lets', 'go', 'lets', 'go', 'lets', 'go', 'lets', 'go', 'lets', 'go', 'lets', 'go', 'lets', 'go', 'lets', 'go']","['all', 'right', 'all', 'right', 'all', 'right', 'all', 'right', 'all', 'right', 'all', 'right', 'all', 'right', 'all', 'right', 'all', 'right', 'all', 'right', 'all', 'right', 'all', 'right', 'all', 'right', 'let', 'go', 'let', 'go', 'let', 'go', 'let', 'go', 'let', 'go', 'let', 'go', 'let', 'go', 'let', 'go', 'let', 'go', 'let', 'go', 'let', 'go', 'let', 'go', 'let', 'go', 'let', 'go', 'let', 'go', 'let', 'go', 'let', 'go', 'let', 'go', 'let', 'go', 'let', 'go', 'let', 'go', 'let', 'go', 'let', 'go', 'let', 'go', 'let', 'go', 'let', 'go', 'let', 'go', 'let', 'go', 'let', 'go', 'let', 'go', 'let', 'go', 'let', 'go', 'let', 'go', 'let', 'go', 'let', 'go', 'let', 'go', 'let', 'go', 'let', 'go', 'let', 'go', 'let', 'go', 'let', 'go', 'let', 'go', 'let', 'go', 'let', 'go', 'let', 'go', 'let', 'go', 'let', 'go', 'let', 'go', 'let', 'go']",0.0,Netral,2.75,0.0,2.75,Positif,0.0,Netral,0.28571428571428564,0.5357142857142857,Positif
GiLang Lp,"Saya sudah biasa menggunakan utk keperluan terkain bpjs kesehata, terutama untuk booking no antrean, tapi kenapa bulan sekarang sya ga bisa booking muncul keterangan ""user ini sudah tidak dapat di gunakan"" padahal ga pernah saya utak atik dari terahir di gunakan, bahkan iuran sudah terbayar....tong segera di perbaiki",1,4.3.0,2023-01-04 22:46:29,-1.0,-1.0,-1.0,Negatif,"I used to use it for medical purposes, especially for booking no queues, but why is it that this month can't book came up with this ""user's already inoperable"" statement when I've never had it used in the last time, even the due amount has been paid off...",i used to use it for medical purposes especially for booking no queues but why is it that this month cant book came up with this users already inoperable statement when ive never had it used in the last time even the due amount has been paid off,"i used to use it for medical purposes, especially for booking no queues, but why is it that this month can't book came up with this ""user's already inoperable"" statement when i've never had it used in the last time, even the due amount has been paid off...","['i', 'used', 'to', 'use', 'it', 'for', 'medical', 'purposes', 'especially', 'for', 'booking', 'no', 'queues', 'but', 'why', 'is', 'it', 'that', 'this', 'month', 'cant', 'book', 'came', 'up', 'with', 'this', 'users', 'already', 'inoperable', 'statement', 'when', 'ive', 'never', 'had', 'it', 'used', 'in', 'the', 'last', 'time', 'even', 'the', 'due', 'amount', 'has', 'been', 'paid', 'off']","['i', 'use', 'to', 'use', 'it', 'for', 'medical', 'purpose', 'especially', 'for', 'book', 'no', 'queue', 'but', 'why', 'be', 'it', 'that', 'this', 'month', 'cant', 'book', 'come', 'up', 'with', 'this', 'user', 'already', 'inoperable', 'statement', 'when', 'ive', 'never', 'have', 'it', 'use', 'in', 'the', 'last', 'time', 'even', 'the', 'due', 'amount', 'have', 'be', 'pay', 'off']",-1.0,Negatif,1.25,1.875,-0.625,Negatif,-0.0706,Negatif,-0.03125,0.36041666666666666,Netral
Uus Ganteng,Mudah2an bisa membantu,5,4.3.0,2023-01-20 00:38:30,1.0,1.0,1.0,Positif,Hopefully it'll help.,hopefully itll help,hopefully it'll help.,"['hopefully', 'itll', 'help']","['hopefully', 'itll', 'help']",4.0,Positif,1.0,0.0,1.0,Positif,0.5755,Positif,0.0,0.0,Netral
pratomo adiwibowo,Bagus,4,4.2.3,2022-10-25 16:44:55,1.0,1.0,1.0,Positif,Good.,good,good.,['good'],['good'],3.0,Positif,0.75,0.0,0.75,Positif,0.191,Positif,0.7,0.6000000000000001,Positif
Ogi Rogisno,Good job,5,4.2.3,2022-12-25 08:01:47,1.0,1.0,1.0,Positif,Good job,good job,good job,"['good', 'job']","['good', 'job']",3.0,Positif,0.75,0.0,0.75,Positif,0.1805,Positif,0.7,0.6000000000000001,Positif
Nida ul hasanah,Wiih...ternyata aplikasinya bagus ya sekarang...dulu sempet download susah sekali login dan tdk responsif...sekarang mudah digunakan dan user friendly..good job terus tingkatkan pelayanannya,5,4.3.0,2023-01-01 08:59:00,1.0,1.0,1.0,Positif,"It's... it's turned out it's a good app. Well, now, it's... it's hard to download. It's hard to log in and nonresponsive... it's easy to use and user friendly...good job continues to improve his service.",its its turned out its a good app well now its its hard to download its hard to log in and nonresponsive its easy to use and user friendlygood job continues to improve his service,"it's... it's turned out it's a good app. well, now, it's... it's hard to download. it's hard to log in and nonresponsive... it's easy to use and user friendly...good job continues to improve his service.","['its', 'its', 'turned', 'out', 'its', 'a', 'good', 'app', 'well', 'now', 'its', 'its', 'hard', 'to', 'download', 'its', 'hard', 'to', 'log', 'in', 'and', 'nonresponsive', 'its', 'easy', 'to', 'use', 'and', 'user', 'friendlygood', 'job', 'continues', 'to', 'improve', 'his', 'service']","['its', 'its', 'turn', 'out', 'its', 'a', 'good', 'app', 'well', 'now', 'its', 'its', 'hard', 'to', 'download', 'its', 'hard', 'to', 'log', 'in', 'and', 'nonresponsive', 'its', 'easy', 'to', 'use', 'and', 'user', 'friendlygood', 'job', 'continue', 'to', 'improve', 'his', 'service']",4.0,Positif,2.125,1.75,0.375,Positif,0.07050000000000001,Positif,0.13749999999999998,0.6291666666666667,Positif
Iwan Rezeki,APLIKASI BODONG SIALAN,1,4.3.0,2023-01-01 03:51:00,-1.0,-1.0,-1.0,Negatif,BODONG PROGRAM,bodong program,bodong program,"['bodong', 'program']","['bodong', 'program']",0.0,Netral,0.0,0.0,0.0,Netral,0.0,Netral,0.0,0.0,Netral
Willy Fitra,Sangat membantu,5,4.2.3,2022-10-10 03:24:26,1.0,1.0,1.0,Positif,Very helpful.,very helpful,very helpful.,"['very', 'helpful']","['very', 'helpful']",2.0,Positif,0.5,0.25,0.25,Positif,-0.94,Negatif,0.2,0.3,Positif
dwi prayogo,Apl yg sangat bagus dan bermanfaat sekali seputar masalah kesehatan,5,4.2.3,2022-01-21 02:23:00,1.0,1.0,1.0,Positif,It's very nice and very beneficial around health issues.,its very nice and very beneficial around health issues,it's very nice and very beneficial around health issues.,"['its', 'very', 'nice', 'and', 'very', 'beneficial', 'around', 'health', 'issues']","['its', 'very', 'nice', 'and', 'very', 'beneficial', 'around', 'health', 'issue']",3.0,Positif,3.0,0.25,2.75,Positif,0.22233333333333336,Positif,0.49,0.65,Positif
Bandi Zahyan,👍,5,4.2.3,2022-01-30 07:23:00,1.0,1.0,1.0,Positif,"counted on the end of the line. - No, no, no, no, no, no, no, no, no, no, no, no, no, no, no, no, no, no, no, no, no, no, no, no, no, no, no, no, no, no, no, no, no, no, no, no, no, no, no, no, no, no, no, no, no, no, no, no, no, no, no, no, no, no, no, no, no, no, no, no, no, no, no, no, no, no, no, no, no, no, no, no, no, no, no, no, no, no, no, no, no, no, no, no, no, no, no, no, no, no, no, no.",counted on the end of the line no no no no no no no no no no no no no no no no no no no no no no no no no no no no no no no no no no no no no no no no no no no no no no no no no no no no no no no no no no no no no no no no no no no no no no no no no no no no no no no no no no no no no no no no no no no no,"counted on the end of the line. - no, no, no, no, no, no, no, no, no, no, no, no, no, no, no, no, no, no, no, no, no, no, no, no, no, no, no, no, no, no, no, no, no, no, no, no, no, no, no, no, no, no, no, no, no, no, no, no, no, no, no, no, no, no, no, no, no, no, no, no, no, no, no, no, no, no, no, no, no, no, no, no, no, no, no, no, no, no, no, no, no, no, no, no, no, no, no, no, no, no, no, no.","['counted', 'on', 'the', 'end', 'of', 'the', 'line', 'no', 'no', 'no', 'no', 'no', 'no', 'no', 'no', 'no', 'no', 'no', 'no', 'no', 'no', 'no', 'no', 'no', 'no', 'no', 'no', 'no', 'no', 'no', 'no', 'no', 'no', 'no', 'no', 'no', 'no', 'no', 'no', 'no', 'no', 'no', 'no', 'no', 'no', 'no', 'no', 'no', 'no', 'no', 'no', 'no', 'no', 'no', 'no', 'no', 'no', 'no', 'no', 'no', 'no', 'no', 'no', 'no', 'no', 'no', 'no', 'no', 'no', 'no', 'no', 'no', 'no', 'no', 'no', 'no', 'no', 'no', 'no', 'no', 'no', 'no', 'no', 'no', 'no', 'no', 'no', 'no', 'no', 'no', 'no', 'no', 'no', 'no', 'no', 'no', 'no', 'no', 'no']","['count', 'on', 'the', 'end', 'of', 'the', 'line', 'no', 'no', 'no', 'no', 'no', 'no', 'no', 'no', 'no', 'no', 'no', 'no', 'no', 'no', 'no', 'no', 'no', 'no', 'no', 'no', 'no', 'no', 'no', 'no', 'no', 'no', 'no', 'no', 'no', 'no', 'no', 'no', 'no', 'no', 'no', 'no', 'no', 'no', 'no', 'no', 'no', 'no', 'no', 'no', 'no', 'no', 'no', 'no', 'no', 'no', 'no', 'no', 'no', 'no', 'no', 'no', 'no', 'no', 'no', 'no', 'no', 'no', 'no', 'no', 'no', 'no', 'no', 'no', 'no', 'no', 'no', 'no', 'no', 'no', 'no', 'no', 'no', 'no', 'no', 'no', 'no', 'no', 'no', 'no', 'no', 'no', 'no', 'no', 'no', 'no', 'no', 'no']",-92.0,Negatif,0.0,0.0,0.0,Netral,0.798,Positif,0.0,0.0,Netral
Mbenn chill,Oke baget,5,4.2.3,2023-01-07 15:13:19,1.0,1.0,1.0,Positif,"Okay, I got it, I got it, I got it, I got it, I got it, I got it, I got it, I got it, I got it, I got it, I got it, I got it, I got it, I got it, I got it, I got it, I got it, I got it, I got it, I got it, I got it, I got it, I got it, I got it, I got it.",okay i got it i got it i got it i got it i got it i got it i got it i got it i got it i got it i got it i got it i got it i got it i got it i got it i got it i got it i got it i got it i got it i got it i got it i got it i got it,"okay, i got it, i got it, i got it, i got it, i got it, i got it, i got it, i got it, i got it, i got it, i got it, i got it, i got it, i got it, i got it, i got it, i got it, i got it, i got it, i got it, i got it, i got it, i got it, i got it, i got it.","['okay', 'i', 'got', 'it', 'i', 'got', 'it', 'i', 'got', 'it', 'i', 'got', 'it', 'i', 'got', 'it', 'i', 'got', 'it', 'i', 'got', 'it', 'i', 'got', 'it', 'i', 'got', 'it', 'i', 'got', 'it', 'i', 'got', 'it', 'i', 'got', 'it', 'i', 'got', 'it', 'i', 'got', 'it', 'i', 'got', 'it', 'i', 'got', 'it', 'i', 'got', 'it', 'i', 'got', 'it', 'i', 'got', 'it', 'i', 'got', 'it', 'i', 'got', 'it', 'i', 'got', 'it', 'i', 'got', 'it', 'i', 'got', 'it', 'i', 'got', 'it']","['okay', 'i', 'get', 'it', 'i', 'get', 'it', 'i', 'get', 'it', 'i', 'get', 'it', 'i', 'get', 'it', 'i', 'get', 'it', 'i', 'get', 'it', 'i', 'get', 'it', 'i', 'get', 'it', 'i', 'get', 'it', 'i', 'get', 'it', 'i', 'get', 'it', 'i', 'get', 'it', 'i', 'get', 'it', 'i', 'get', 'it', 'i', 'get', 'it', 'i', 'get', 'it', 'i', 'get', 'it', 'i', 'get', 'it', 'i', 'get', 'it', 'i', 'get', 'it', 'i', 'get', 'it', 'i', 'get', 'it', 'i', 'get', 'it', 'i', 'get', 'it']",0.0,Netral,3.25,0.125,3.125,Positif,0.17,Positif,0.5,0.5,Positif
Muh Arifiyanto,Ok,5,4.3.0,2023-01-12 00:34:53,1.0,1.0,1.0,Positif,"All right, all right, all right, all right, all right, all right, all right, all right, all right, all right, all right, all right, all right, let's go, let's go, let's go, let's go, let's go, let's go, let's go, let's go, let's go, let's go, let's go, let's go, let's go, let's go, let's go, let's go, let's go, let's go, let's go, let's go, let's go, let's go, let's go, let's go, let's go, let's go, let's go, let's go, let's go, let's go, let's go, let's go, let's go, let's go, let's go, let's go, let's go, let's go, let's go, let's go, let's go, let's go, let's go, let's go, let's go, let's go, let's go, let's go, let's go,",all right all right all right all right all right all right all right all right all right all right all right all right all right lets go lets go lets go lets go lets go lets go lets go lets go lets go lets go lets go lets go lets go lets go lets go lets go lets go lets go lets go lets go lets go lets go lets go lets go lets go lets go lets go lets go lets go lets go lets go lets go lets go lets go lets go lets go lets go lets go lets go lets go lets go lets go lets go lets go lets go lets go lets go lets go lets go,"all right, all right, all right, all right, all right, all right, all right, all right, all right, all right, all right, all right, all right, let's go, let's go, let's go, let's go, let's go, let's go, let's go, let's go, let's go, let's go, let's go, let's go, let's go, let's go, let's go, let's go, let's go, let's go, let's go, let's go, let's go, let's go, let's go, let's go, let's go, let's go, let's go, let's go, let's go, let's go, let's go, let's go, let's go, let's go, let's go, let's go, let's go, let's go, let's go, let's go, let's go, let's go, let's go, let's go, let's go, let's go, let's go, let's go, let's go,","['all', 'right', 'all', 'right', 'all', 'right', 'all', 'right', 'all', 'right', 'all', 'right', 'all', 'right', 'all', 'right', 'all', 'right', 'all', 'right', 'all', 'right', 'all', 'right', 'all', 'right', 'lets', 'go', 'lets', 'go', 'lets', 'go', 'lets', 'go', 'lets', 'go', 'lets', 'go', 'lets', 'go', 'lets', 'go', 'lets', 'go', 'lets', 'go', 'lets', 'go', 'lets', 'go', 'lets', 'go', 'lets', 'go', 'lets', 'go', 'lets', 'go', 'lets', 'go', 'lets', 'go', 'lets', 'go', 'lets', 'go', 'lets', 'go', 'lets', 'go', 'lets', 'go', 'lets', 'go', 'lets', 'go', 'lets', 'go', 'lets', 'go', 'lets', 'go', 'lets', 'go', 'lets', 'go', 'lets', 'go', 'lets', 'go', 'lets', 'go', 'lets', 'go', 'lets', 'go', 'lets', 'go', 'lets', 'go', 'lets', 'go', 'lets', 'go', 'lets', 'go', 'lets', 'go', 'lets', 'go', 'lets', 'go', 'lets', 'go', 'lets', 'go', 'lets', 'go', 'lets', 'go', 'lets', 'go', 'lets', 'go']","['all', 'right', 'all', 'right', 'all', 'right', 'all', 'right', 'all', 'right', 'all', 'right', 'all', 'right', 'all', 'right', 'all', 'right', 'all', 'right', 'all', 'right', 'all', 'right', 'all', 'right', 'let', 'go', 'let', 'go', 'let', 'go', 'let', 'go', 'let', 'go', 'let', 'go', 'let', 'go', 'let', 'go', 'let', 'go', 'let', 'go', 'let', 'go', 'let', 'go', 'let', 'go', 'let', 'go', 'let', 'go', 'let', 'go', 'let', 'go', 'let', 'go', 'let', 'go', 'let', 'go', 'let', 'go', 'let', 'go', 'let', 'go', 'let', 'go', 'let', 'go', 'let', 'go', 'let', 'go', 'let', 'go', 'let', 'go', 'let', 'go', 'let', 'go', 'let', 'go', 'let', 'go', 'let', 'go', 'let', 'go', 'let', 'go', 'let', 'go', 'let', 'go', 'let', 'go', 'let', 'go', 'let', 'go', 'let', 'go', 'let', 'go', 'let', 'go', 'let', 'go', 'let', 'go', 'let', 'go', 'let', 'go', 'let', 'go']",0.0,Netral,2.75,0.0,2.75,Positif,0.0,Netral,0.28571428571428564,0.5357142857142857,Positif
Azam Car Rental Sorong,Mantap,5,4.3.0,2023-01-05 01:58:00,1.0,1.0,1.0,Positif,Steady.,steady,steady.,['steady'],['steady'],0.0,Netral,0.125,0.625,-0.5,Negatif,0.884,Positif,0.16666666666666666,0.5,Positif
Hijrah S Kep Ns,4 dlu yah nnt klo lebih di permudah lagi br q kasi bintang 5 sejauh ini bagus dan sangat membantu apl jkn nya,4,4.2.3,2022-10-27 14:38:21,-1.0,1.0,1.0,Positif,It's not as easy as it is to give a five-star so far. It's good and it helps apl-n-n-n-n-n-n-n-n-n-n-n-n-n-so-so-so-so-so-so-so-so-so-so-so-so-so-so-so-so-so-so-so-so-so-so-so-so-so-so-so-so-so-so-so-so-so-so-so-so-so-so-so-so-so-so-so-so-so-so-so-so-so-so-so-so-so-so-so-so-so-so-so-so-so-so-so-so-so-so-so-so-so-so-so-so-so-so-so-so-so-so-so-so-so-so-so-so-so-so-so-so-so-so-so-so-so-so-so-so-so-so-so-so-so-so-so-so-so-so-so-so-so-so-so-so-so-so-so-so-so-so-so-so-so-so-so-so-so-so-so-so-so-so-so-so-so-so-so-so-so-so-so-so-so-so-so-so-so-so-so-so-so-so-so-so-so-so-so-so-so-so-so-so-so-so-so-so-so-so-so-so-so-so-so-so-so-so-so-so-so-so-so-so-so-so-so-so-so-so-so-so-so-so-so-so-so-so-so-so-so-so-so-so-so-so-so-so-so-so-so-so-so-so-so-so-so-so-so-so-so-so-so-so-so-so-so-so-so-so-so-,its not as easy as it is to give a fivestar so far its good and it helps aplnnnnnnnnnnnnnsososososososososososososososososososososososososososososososososososososososososososososososososososososososososososososososososososososososososososososososososososososososososososososososososososososososososososososososososososososososososososososososososososososososososososososososososososososososososososososososososososososososososososososososososososososososososososososososososososososososososososososososososososososososososososososososososososo,it's not as easy as it is to give a five-star so far. it's good and it helps apl-n-n-n-n-n-n-n-n-n-n-n-n-n-so-so-so-so-so-so-so-so-so-so-so-so-so-so-so-so-so-so-so-so-so-so-so-so-so-so-so-so-so-so-so-so-so-so-so-so-so-so-so-so-so-so-so-so-so-so-so-so-so-so-so-so-so-so-so-so-so-so-so-so-so-so-so-so-so-so-so-so-so-so-so-so-so-so-so-so-so-so-so-so-so-so-so-so-so-so-so-so-so-so-so-so-so-so-so-so-so-so-so-so-so-so-so-so-so-so-so-so-so-so-so-so-so-so-so-so-so-so-so-so-so-so-so-so-so-so-so-so-so-so-so-so-so-so-so-so-so-so-so-so-so-so-so-so-so-so-so-so-so-so-so-so-so-so-so-so-so-so-so-so-so-so-so-so-so-so-so-so-so-so-so-so-so-so-so-so-so-so-so-so-so-so-so-so-so-so-so-so-so-so-so-so-so-so-so-so-so-so-so-so-so-so-so-so-so-so-so-so-so-so-so-so-so-so-so-so-so-so-so-so-so-so-so-so-so-so-so-,"['its', 'not', 'as', 'easy', 'as', 'it', 'is', 'to', 'give', 'a', 'fivestar', 'so', 'far', 'its', 'good', 'and', 'it', 'helps', 'aplnnnnnnnnnnnnnsososososososososososososososososososososososososososososososososososososososososososososososososososososososososososososososososososososososososososososososososososososososososososososososososososososososososososososososososososososososososososososososososososososososososososososososososososososososososososososososososososososososososososososososososososososososososososososososososososososososososososososososososososososososososososososososososososo']","['its', 'not', 'as', 'easy', 'as', 'it', 'be', 'to', 'give', 'a', 'fivestar', 'so', 'far', 'its', 'good', 'and', 'it', 'help', 'aplnnnnnnnnnnnnnsososososososososososososososososososososososososososososososososososososososososososososososososososososososososososososososososososososososososososososososososososososososososososososososososososososososososososososososososososososososososososososososososososososososososososososososososososososososososososososososososososososososososososososososososososososososososososososososososososososososososososososososososososososososososososososososososososo']",6.0,Positif,1.625,1.25,0.375,Positif,0.6323333333333334,Positif,0.41111111111111115,0.8111111111111112,Positif
faried rijal,Pelayanan memuaskan,5,4.3.0,2023-01-07 01:57:00,1.0,1.0,1.0,Positif,Service satisfies,service satisfies,service satisfies,"['service', 'satisfies']","['service', 'satisfies']",0.0,Netral,0.5,0.0,0.5,Positif,0.9,Positif,0.0,0.0,Netral
chiput ok,Bagus,5,4.2.3,2022-10-18 12:46:03,1.0,1.0,1.0,Positif,Good.,good,good.,['good'],['good'],3.0,Positif,0.75,0.0,0.75,Positif,0.191,Positif,0.7,0.6000000000000001,Positif
Agung Haryanto,Good,4,4.3.0,2022-12-23 06:39:45,1.0,1.0,1.0,Positif,Good,good,good,['good'],['good'],3.0,Positif,0.75,0.0,0.75,Positif,0.191,Positif,0.7,0.6000000000000001,Positif
Sarip Hidayat,Aplikasi JKN sdh mengalami peningkatan yang baik,5,4.3.0,2022-12-24 00:21:15,1.0,1.0,1.0,Positif,The JKN application has improved well.,the jkn application has improved well,the jkn application has improved well.,"['the', 'jkn', 'application', 'has', 'improved', 'well']","['the', 'jkn', 'application', 'have', 'improve', 'well']",2.0,Positif,1.0,0.0,1.0,Positif,0.202,Positif,0.0,0.0,Netral
sca homedecor,Sangat membantu sekali,5,4.3.0,2022-12-29 01:33:11,1.0,1.0,1.0,Positif,That's very helpful.,thats very helpful,that's very helpful.,"['thats', 'very', 'helpful']","['thats', 'very', 'helpful']",2.0,Positif,0.5,0.25,0.25,Positif,-0.94,Negatif,0.2,0.3,Positif
alex copral,Aplikasinya mantap,5,4.2.3,2022-01-23 01:35:00,1.0,1.0,1.0,Positif,It's a solid app.,its a solid app,it's a solid app.,"['its', 'a', 'solid', 'app']","['its', 'a', 'solid', 'app']",2.0,Positif,0.875,0.0,0.875,Positif,0.216,Positif,0.0,0.1,Netral
Meytrio Tamijaya Official,Oke,5,4.2.3,2022-12-01 12:21:00,1.0,1.0,1.0,Positif,Okay.,okay,okay.,['okay'],['okay'],0.0,Netral,0.125,0.125,0.0,Netral,0.17,Positif,0.5,0.5,Positif
Veri Purnaningsih,Bagus,5,4.3.0,2023-01-08 22:04:11,1.0,1.0,1.0,Positif,Good.,good,good.,['good'],['good'],3.0,Positif,0.75,0.0,0.75,Positif,0.191,Positif,0.7,0.6000000000000001,Positif
Lu Bis,Sangat memuaskn,5,4.2.3,2022-01-04 04:54:00,1.0,1.0,1.0,Positif,It's so overwhelming.,its so overwhelming,it's so overwhelming.,"['its', 'so', 'overwhelming']","['its', 'so', 'overwhelming']",0.0,Netral,0.25,0.25,0.0,Netral,0.0,Netral,0.5,1.0,Positif
Ardian Rukmana,Mantap.. ubah data email istri saya jadi simpel,5,4.3.0,2023-01-25 02:18:52,1.0,1.0,1.0,Positif,Nice. Change my wife's e-mail data so it's simple.,nice change my wifes email data so its simple,nice. change my wife's e-mail data so it's simple.,"['nice', 'change', 'my', 'wifes', 'email', 'data', 'so', 'its', 'simple']","['nice', 'change', 'my', 'wifes', 'email', 'data', 'so', 'its', 'simple']",3.0,Positif,0.875,0.0,0.875,Positif,0.429,Positif,0.3,0.6785714285714286,Positif
Geybie Angraine,Sangat baik,5,4.3.0,2023-01-30 06:42:05,1.0,1.0,1.0,Positif,Very good.,very good,very good.,"['very', 'good']","['very', 'good']",3.0,Positif,1.0,0.25,0.75,Positif,0.191,Positif,0.9099999999999999,0.7800000000000001,Positif
Wahyu Prihantoro,Diagnosa keluhan terapi di sensor. Menjijikkan. Kaya percuma aja,1,4.2.3,2022-10-18 01:02:55,-1.0,-1.0,-1.0,Negatif,Diagnosis of the therapy complaint on the sensor.,diagnosis of the therapy complaint on the sensor,diagnosis of the therapy complaint on the sensor.,"['diagnosis', 'of', 'the', 'therapy', 'complaint', 'on', 'the', 'sensor']","['diagnosis', 'of', 'the', 'therapy', 'complaint', 'on', 'the', 'sensor']",-2.0,Negatif,0.5,0.5,0.0,Netral,-0.0865,Negatif,-0.3,0.2,Negatif
eko sutanto,"Tiap tahun selalu ada aja proyek aplikasi, tapi tidak pernah bermanfaat, bagi peserta bpjs tuh yg bermanfaat iuran murah dan kualitas pelayanan yg bagus, bukan aplikasi yg d perbagus jadi bikin ribet",1,4.2.3,2022-12-09 07:58:50,-1.0,-1.0,-1.0,Negatif,"Every year there's always an application project, but it's never useful, for those who take advantage of cheap bills and good service quality, not good apps, so it's a real pain in the ass.",every year theres always an application project but its never useful for those who take advantage of cheap bills and good service quality not good apps so its a real pain in the ass,"every year there's always an application project, but it's never useful, for those who take advantage of cheap bills and good service quality, not good apps, so it's a real pain in the ass.","['every', 'year', 'theres', 'always', 'an', 'application', 'project', 'but', 'its', 'never', 'useful', 'for', 'those', 'who', 'take', 'advantage', 'of', 'cheap', 'bills', 'and', 'good', 'service', 'quality', 'not', 'good', 'apps', 'so', 'its', 'a', 'real', 'pain', 'in', 'the', 'ass']","['every', 'year', 'theres', 'always', 'an', 'application', 'project', 'but', 'its', 'never', 'useful', 'for', 'those', 'who', 'take', 'advantage', 'of', 'cheap', 'bill', 'and', 'good', 'service', 'quality', 'not', 'good', 'apps', 'so', 'its', 'a', 'real', 'pain', 'in', 'the', 'as']",1.0,Positif,2.5,2.25,0.25,Positif,0.27899999999999997,Positif,0.16,0.44000000000000006,Positif
Hasan Basri Nurspreneur,"Manteeep,,,dgn pelayanan melalui aplikasi sangat mudah mendapatkan akses seputar BPJS",5,4.2.3,2022-09-24 12:31:39,1.0,1.0,1.0,Positif,"Manteeep, with the application, it's easy to gain access to BPJS.",manteeep with the application its easy to gain access to bpjs,"manteeep, with the application, it's easy to gain access to bpjs.","['manteeep', 'with', 'the', 'application', 'its', 'easy', 'to', 'gain', 'access', 'to', 'bpjs']","['manteeep', 'with', 'the', 'application', 'its', 'easy', 'to', 'gain', 'access', 'to', 'bpjs']",3.0,Positif,0.625,0.25,0.375,Positif,0.6990000000000001,Positif,0.43333333333333335,0.8333333333333334,Positif
Fredy Almeer,Ok,5,4.3.0,2023-01-28 01:08:00,1.0,1.0,1.0,Positif,Okay.,okay,okay.,['okay'],['okay'],0.0,Netral,0.125,0.125,0.0,Netral,0.17,Positif,0.5,0.5,Positif
Nas rulloh,Membantu,5,4.2.3,2022-09-23 06:36:29,1.0,1.0,1.0,Positif,Help,help,help,['help'],['help'],2.0,Positif,0.5,0.0,0.5,Positif,0.9,Positif,0.0,0.0,Netral
muhammad ramdhan,masa iyaa ga bisa daftat malem2,1,4.3.0,2023-01-17 18:16:37,-1.0,-1.0,-1.0,Negatif,"fontcolor="" # FFFF00""yes cannot daftat malem2",fontcolor ffffyes cannot daftat malem,"fontcolor="" # ffff00""yes cannot daftat malem2","['fontcolor', 'ffffyes', 'can', 'not', 'daftat', 'malem']","['fontcolor', 'ffffyes', 'can', 'not', 'daftat', 'malem']",0.0,Netral,0.0,0.625,-0.625,Negatif,0.0,Netral,0.0,0.0,Netral
trix jabrix,"Aplikasi tol*l, login susah, daftar sudah, atur ulang password susah...",1,4.3.0,2023-01-06 18:58:22,-1.0,-1.0,-1.0,Negatif,"Toll applications, hard logins, lists already, reset hard passwords...",toll applications hard logins lists already reset hard passwords,"toll applications, hard logins, lists already, reset hard passwords...","['toll', 'applications', 'hard', 'logins', 'lists', 'already', 'reset', 'hard', 'passwords']","['toll', 'application', 'hard', 'logins', 'list', 'already', 'reset', 'hard', 'password']",-2.0,Negatif,0.125,1.5,-1.375,Negatif,0.032999999999999995,Netral,-0.2916666666666667,0.5416666666666666,Negatif
"Dadang Permana Siambaton, SE",Cepet n lengkap,5,4.2.3,2022-12-12 07:59:12,1.0,1.0,1.0,Positif,Hurry up and get it over with.,hurry up and get it over with,hurry up and get it over with.,"['hurry', 'up', 'and', 'get', 'it', 'over', 'with']","['hurry', 'up', 'and', 'get', 'it', 'over', 'with']",0.0,Netral,0.125,0.0,0.125,Positif,-0.81,Negatif,0.0,0.0,Netral
Deden 2000,Good,5,4.3.0,2023-01-30 03:28:35,1.0,1.0,1.0,Positif,Good,good,good,['good'],['good'],3.0,Positif,0.75,0.0,0.75,Positif,0.191,Positif,0.7,0.6000000000000001,Positif
Yurizka Andria Putri,Tidak bisa dbuka...udah dinstal n unistal tapi tetep ga bisaaa,5,4.2.3,2022-01-29 00:01:00,-1.0,-1.0,-1.0,Negatif,Can't open...dinstal n unistal but still can't,cant opendinstal n unistal but still cant,can't open...dinstal n unistal but still can't,"['cant', 'opendinstal', 'n', 'unistal', 'but', 'still', 'cant']","['cant', 'opendinstal', 'n', 'unistal', 'but', 'still', 'cant']",0.0,Netral,0.0,0.125,-0.125,Negatif,0.0,Netral,0.0,0.0,Netral
Dede Ludiyana,"Pendaftaran mudah,tinggal ikuti instruksi ny.semoga kedepannya lebih baik lagi.",5,4.2.3,2022-09-29 14:47:36,1.0,1.0,1.0,Positif,"The registration is easy, just follow Mrs.'s instructions in case things get any better in the future.",the registration is easy just follow mrss instructions in case things get any better in the future,"the registration is easy, just follow mrs.'s instructions in case things get any better in the future.","['the', 'registration', 'is', 'easy', 'just', 'follow', 'mrss', 'instructions', 'in', 'case', 'things', 'get', 'any', 'better', 'in', 'the', 'future']","['the', 'registration', 'be', 'easy', 'just', 'follow', 'mrss', 'instruction', 'in', 'case', 'thing', 'get', 'any', 'good', 'in', 'the', 'future']",3.0,Positif,1.75,0.375,1.375,Positif,0.2898,Positif,0.3111111111111111,0.48611111111111116,Positif
Nengah Agee aja,"Aplikasinya bagus, cuma blm nemu no contac Wa CS",5,4.2.3,2022-01-29 00:22:00,0.0,1.0,1.0,Positif,"The application is good, just haven't found any Wa CS contac",the application is good just havent found any wa cs contac,"the application is good, just haven't found any wa cs contac","['the', 'application', 'is', 'good', 'just', 'havent', 'found', 'any', 'wa', 'cs', 'contac']","['the', 'application', 'be', 'good', 'just', 'havent', 'find', 'any', 'wa', 'c', 'contac']",3.0,Positif,1.0,0.125,0.875,Positif,0.222,Positif,0.7,0.6000000000000001,Positif
Wayan Kemaragiri,"Terimakasih saya mendapat layanan yang baik selama menggunakan bpjs, di semua rumah sakit rujukan, terimakasih🙏🙏🙏",5,4.2.3,2022-01-01 02:01:00,1.0,1.0,1.0,Positif,"Thank you. I got a good service during the use of bpjs, in all hospital references, thank you.",thank you i got a good service during the use of bpjs in all hospital references thank you,"thank you. i got a good service during the use of bpjs, in all hospital references, thank you.","['thank', 'you', 'i', 'got', 'a', 'good', 'service', 'during', 'the', 'use', 'of', 'bpjs', 'in', 'all', 'hospital', 'references', 'thank', 'you']","['thank', 'you', 'i', 'get', 'a', 'good', 'service', 'during', 'the', 'use', 'of', 'bpjs', 'in', 'all', 'hospital', 'reference', 'thank', 'you']",7.0,Positif,1.125,0.0,1.125,Positif,0.46775,Positif,0.7,0.6000000000000001,Positif
YOGIK MOZART,Sangat membantu 👍,5,4.3.0,2022-12-28 02:18:43,1.0,1.0,1.0,Positif,Very helpful.,very helpful,very helpful.,"['very', 'helpful']","['very', 'helpful']",2.0,Positif,0.5,0.25,0.25,Positif,-0.94,Negatif,0.2,0.3,Positif
Abdullah Ghoni,Bagus,5,4.2.3,2022-01-17 07:45:00,1.0,1.0,1.0,Positif,Good.,good,good.,['good'],['good'],3.0,Positif,0.75,0.0,0.75,Positif,0.191,Positif,0.7,0.6000000000000001,Positif
Ncek Irsad,Sangat mudah..terimakasih,5,4.2.3,2022-01-21 12:55:00,1.0,1.0,1.0,Positif,It's easy..thank you..,its easythank you,it's easy..thank you..,"['its', 'easythank', 'you']","['its', 'easythank', 'you']",0.0,Netral,0.0,0.0,0.0,Netral,0.0,Netral,0.0,0.0,Netral
Ade Prihatna,Kereen pokoknya mah.,5,4.2.3,2022-01-29 02:44:00,1.0,1.0,1.0,Positif,"It's cool, it's all right, it's all right, it's all right, it's all right, it's all right, it's all right, it's all right, it's all right, it's all right, it's all right, it's all right, it's all right, it's all right, it's all right.",its cool its all right its all right its all right its all right its all right its all right its all right its all right its all right its all right its all right its all right its all right its all right,"it's cool, it's all right, it's all right, it's all right, it's all right, it's all right, it's all right, it's all right, it's all right, it's all right, it's all right, it's all right, it's all right, it's all right, it's all right.","['its', 'cool', 'its', 'all', 'right', 'its', 'all', 'right', 'its', 'all', 'right', 'its', 'all', 'right', 'its', 'all', 'right', 'its', 'all', 'right', 'its', 'all', 'right', 'its', 'all', 'right', 'its', 'all', 'right', 'its', 'all', 'right', 'its', 'all', 'right', 'its', 'all', 'right', 'its', 'all', 'right', 'its', 'all', 'right']","['its', 'cool', 'its', 'all', 'right', 'its', 'all', 'right', 'its', 'all', 'right', 'its', 'all', 'right', 'its', 'all', 'right', 'its', 'all', 'right', 'its', 'all', 'right', 'its', 'all', 'right', 'its', 'all', 'right', 'its', 'all', 'right', 'its', 'all', 'right', 'its', 'all', 'right', 'its', 'all', 'right', 'its', 'all', 'right']",1.0,Positif,0.25,0.375,-0.125,Negatif,0.9,Positif,0.2899999999999999,0.5433333333333332,Positif
Wulan Sapto14,Mantap,5,4.2.3,2022-01-12 04:23:00,1.0,1.0,1.0,Positif,Steady.,steady,steady.,['steady'],['steady'],0.0,Netral,0.125,0.625,-0.5,Negatif,0.884,Positif,0.16666666666666666,0.5,Positif
Kei sutrisna Sutrisna,Mudah untuk berganti faskes yang buruk pelayanannya,5,4.2.3,2022-01-01 00:46:00,0.0,1.0,1.0,Positif,It's easy to change bad phases of his service,its easy to change bad phases of his service,it's easy to change bad phases of his service,"['its', 'easy', 'to', 'change', 'bad', 'phases', 'of', 'his', 'service']","['its', 'easy', 'to', 'change', 'bad', 'phase', 'of', 'his', 'service']",-2.0,Negatif,0.625,0.875,-0.25,Negatif,0.264,Positif,-0.13333333333333325,0.75,Negatif
qusdar yanti,"Awal na susah bgt mau perubahan data, tapi lama lama bisa, alhamdulillah",5,4.2.3,2022-10-01 00:13:03,1.0,1.0,1.0,Positif,"In the beginning it was hard to change data, but long time ago, alhamdulillah",in the beginning it was hard to change data but long time ago alhamdulillah,"in the beginning it was hard to change data, but long time ago, alhamdulillah","['in', 'the', 'beginning', 'it', 'was', 'hard', 'to', 'change', 'data', 'but', 'long', 'time', 'ago', 'alhamdulillah']","['in', 'the', 'beginning', 'it', 'be', 'hard', 'to', 'change', 'data', 'but', 'long', 'time', 'ago', 'alhamdulillah']",-1.0,Negatif,0.25,0.875,-0.625,Negatif,0.1845,Positif,-0.17083333333333334,0.4708333333333333,Negatif
Indra Saputra,Ribet mau ngisi email doank ( untuk cetak kartu ),2,4.2.3,2023-01-09 04:35:21,-1.0,-1.0,-1.0,Negatif,Ribet wants to fill out a doink email (for the print of the card),ribet wants to fill out a doink email for the print of the card,ribet wants to fill out a doink email (for the print of the card),"['ribet', 'wants', 'to', 'fill', 'out', 'a', 'doink', 'email', 'for', 'the', 'print', 'of', 'the', 'card']","['ribet', 'want', 'to', 'fill', 'out', 'a', 'doink', 'email', 'for', 'the', 'print', 'of', 'the', 'card']",0.0,Netral,0.25,0.0,0.25,Positif,0.081,Positif,0.2,0.1,Positif
Arcadia Rafaelsit,Bikin emosi aja yata2nya data sudah benar di bilang salah datanya 😡😡😡😡aplikasi nya jelek,1,4.2.3,2022-01-10 04:59:00,-1.0,-1.0,-1.0,Negatif,It's bad enough that the data was right. It's not good enough. It's bad data.,its bad enough that the data was right its not good enough its bad data,it's bad enough that the data was right. it's not good enough. it's bad data.,"['its', 'bad', 'enough', 'that', 'the', 'data', 'was', 'right', 'its', 'not', 'good', 'enough', 'its', 'bad', 'data']","['its', 'bad', 'enough', 'that', 'the', 'data', 'be', 'right', 'its', 'not', 'good', 'enough', 'its', 'bad', 'data']",-8.0,Negatif,1.25,2.0,-0.75,Negatif,-0.4696666666666667,Negatif,-0.24404761904761899,0.5781746031746031,Negatif
Nadia ayu Pratiwi,SISTEM RUMAH SAKIT SUDAH MEMAKAI JKN TAPI BANYAK SEKALI KENDALA KADANG DIWAKTU MAU DAFTAR LIST RUJUKAN KONTROL NYA TIDAK ADA. SISTEM KALO BELUM READY BANGET HARUSNYA JANGAN DI TERAPKAN DULU DI RS JADI MEMPERSULIT PASIEN KAN,1,4.2.3,2022-10-13 21:33:35,-1.0,-1.0,-1.0,Negatif,The hospital system has taken care of JKN but there are a lot of times when the list of his controversies is not there. &lt;i&gt;&lt;/i&gt; &lt;i&gt;&lt;/i&gt; &lt;i&gt;&lt;/i&gt;&lt;/i&gt; &lt;i&gt;&lt;/i&gt;&lt;/i&gt; &lt;i&gt;Syse&lt;/i&gt; &lt;/i&gt; &lt;i&gt;The church should not be prepared at the hospital&lt;/i&gt; &lt;/i&gt; &lt;/i&gt; &lt;/i&gt; &lt;/i&gt;,the hospital system has taken care of jkn but there are a lot of times when the list of his controversies is not there ltigtltigt ltigtltigt ltigtltigtltigt ltigtltigtltigt ltigtsyseltigt ltigt ltigtthe church should not be prepared at the hospitalltigt ltigt ltigt ltigt ltigt,the hospital system has taken care of jkn but there are a lot of times when the list of his controversies is not there. &lt;i&gt;&lt;/i&gt; &lt;i&gt;&lt;/i&gt; &lt;i&gt;&lt;/i&gt;&lt;/i&gt; &lt;i&gt;&lt;/i&gt;&lt;/i&gt; &lt;i&gt;syse&lt;/i&gt; &lt;/i&gt; &lt;i&gt;the church should not be prepared at the hospital&lt;/i&gt; &lt;/i&gt; &lt;/i&gt; &lt;/i&gt; &lt;/i&gt;,"['the', 'hospital', 'system', 'has', 'taken', 'care', 'of', 'jkn', 'but', 'there', 'are', 'a', 'lot', 'of', 'times', 'when', 'the', 'list', 'of', 'his', 'controversies', 'is', 'not', 'there', 'ltigtltigt', 'ltigtltigt', 'ltigtltigtltigt', 'ltigtltigtltigt', 'ltigtsyseltigt', 'ltigt', 'ltigtthe', 'church', 'should', 'not', 'be', 'prepared', 'at', 'the', 'hospitalltigt', 'ltigt', 'ltigt', 'ltigt', 'ltigt']","['the', 'hospital', 'system', 'have', 'take', 'care', 'of', 'jkn', 'but', 'there', 'be', 'a', 'lot', 'of', 'time', 'when', 'the', 'list', 'of', 'his', 'controversy', 'be', 'not', 'there', 'ltigtltigt', 'ltigtltigt', 'ltigtltigtltigt', 'ltigtltigtltigt', 'ltigtsyseltigt', 'ltigt', 'ltigtthe', 'church', 'should', 'not', 'be', 'prepare', 'at', 'the', 'hospitalltigt', 'ltigt', 'ltigt', 'ltigt', 'ltigt']",1.0,Positif,1.375,1.625,-0.25,Negatif,-0.135,Negatif,0.0,0.0,Netral
Kiki Bayhaqiie,Thank membantu,5,4.2.3,2022-01-27 12:16:00,1.0,1.0,1.0,Positif,Thank you for helping.,thank you for helping,thank you for helping.,"['thank', 'you', 'for', 'helping']","['thank', 'you', 'for', 'help']",4.0,Positif,0.5,0.0,0.5,Positif,0.9,Positif,0.0,0.0,Netral
Diana Amali,kok tidak bisa logging,1,4.2.3,2022-10-26 22:13:09,-1.0,-1.0,-1.0,Negatif,"I can't even logging, can't logging, can't logging, can't logging, can't logging, can't logging, can't logging, can't logging, can't logging, can't logging, can't logging, can't logging, can't logging, can't logging, can't logging, can't logging, can't logging, can't logging, can't logging, can't logging, can't logging, can't logging",i cant even logging cant logging cant logging cant logging cant logging cant logging cant logging cant logging cant logging cant logging cant logging cant logging cant logging cant logging cant logging cant logging cant logging cant logging cant logging cant logging cant logging cant logging,"i can't even logging, can't logging, can't logging, can't logging, can't logging, can't logging, can't logging, can't logging, can't logging, can't logging, can't logging, can't logging, can't logging, can't logging, can't logging, can't logging, can't logging, can't logging, can't logging, can't logging, can't logging, can't logging","['i', 'cant', 'even', 'logging', 'cant', 'logging', 'cant', 'logging', 'cant', 'logging', 'cant', 'logging', 'cant', 'logging', 'cant', 'logging', 'cant', 'logging', 'cant', 'logging', 'cant', 'logging', 'cant', 'logging', 'cant', 'logging', 'cant', 'logging', 'cant', 'logging', 'cant', 'logging', 'cant', 'logging', 'cant', 'logging', 'cant', 'logging', 'cant', 'logging', 'cant', 'logging', 'cant', 'logging', 'cant', 'logging']","['i', 'cant', 'even', 'log', 'cant', 'logging', 'cant', 'log', 'cant', 'logging', 'cant', 'log', 'cant', 'logging', 'cant', 'log', 'cant', 'logging', 'cant', 'log', 'cant', 'logging', 'cant', 'log', 'cant', 'logging', 'cant', 'log', 'cant', 'logging', 'cant', 'log', 'cant', 'logging', 'cant', 'log', 'cant', 'logging', 'cant', 'log', 'cant', 'logging', 'cant', 'log', 'cant', 'logging']",0.0,Netral,0.125,0.0,0.125,Positif,-0.95,Negatif,0.0,0.0,Netral
oki januar,bagaimana sllu di tolak waktu mau mendaftar padahal NIK benar,1,4.3.0,2022-12-24 13:39:37,-1.0,-1.0,1.0,Negatif,How did you get rejected when you signed up when NIK was right?,how did you get rejected when you signed up when nik was right,how did you get rejected when you signed up when nik was right?,"['how', 'did', 'you', 'get', 'rejected', 'when', 'you', 'signed', 'up', 'when', 'nik', 'was', 'right']","['how', 'do', 'you', 'get', 'reject', 'when', 'you', 'sign', 'up', 'when', 'nik', 'be', 'right']",-1.0,Negatif,0.375,0.125,0.25,Positif,-0.028000000000000025,Netral,0.2857142857142857,0.5357142857142857,Positif
Achmad Mursjalin,Sangat membantu untuk berobat.,5,4.3.0,2023-01-26 02:41:57,1.0,1.0,1.0,Positif,It's very helpful for treatment.,its very helpful for treatment,it's very helpful for treatment.,"['its', 'very', 'helpful', 'for', 'treatment']","['its', 'very', 'helpful', 'for', 'treatment']",2.0,Positif,0.5,0.75,-0.25,Negatif,-0.06,Negatif,0.2,0.3,Positif
Harry Nugroho,Nice,5,4.2.3,2023-01-01 08:45:45,1.0,1.0,1.0,Positif,Nice,nice,nice,['nice'],['nice'],3.0,Positif,0.875,0.0,0.875,Positif,0.123,Positif,0.6,1.0,Positif
eman oditomo,Good,5,4.2.3,2022-01-25 03:09:00,1.0,1.0,1.0,Positif,Good,good,good,['good'],['good'],3.0,Positif,0.75,0.0,0.75,Positif,0.191,Positif,0.7,0.6000000000000001,Positif
Michell Emak Kucing,"Makin bagus sekarang,. Sebulan yg lalu mau ganti no hp aja susah ribet,. Di konfirmasinya ke nomerbhp, sdangkan no hp nya udh gk aktif, gk bsa tuh pke lewat email, tp skrg udh bsa",5,4.2.3,2022-01-01 10:16:00,0.0,1.0,1.0,Positif,"The better it is now, a month ago it was hard to change your phone number, it's confirmed to number bhp, call your phone number unactivated, you can't get it through email, but now you've got it.",the better it is now a month ago it was hard to change your phone number its confirmed to number bhp call your phone number unactivated you cant get it through email but now youve got it,"the better it is now, a month ago it was hard to change your phone number, it's confirmed to number bhp, call your phone number unactivated, you can't get it through email, but now you've got it.","['the', 'better', 'it', 'is', 'now', 'a', 'month', 'ago', 'it', 'was', 'hard', 'to', 'change', 'your', 'phone', 'number', 'its', 'confirmed', 'to', 'number', 'bhp', 'call', 'your', 'phone', 'number', 'unactivated', 'you', 'cant', 'get', 'it', 'through', 'email', 'but', 'now', 'youve', 'got', 'it']","['the', 'good', 'it', 'be', 'now', 'a', 'month', 'ago', 'it', 'be', 'hard', 'to', 'change', 'your', 'phone', 'number', 'its', 'confirm', 'to', 'number', 'bhp', 'call', 'your', 'phone', 'number', 'unactivated', 'you', 'cant', 'get', 'it', 'through', 'email', 'but', 'now', 'youve', 'get', 'it']",1.0,Positif,1.75,2.125,-0.375,Negatif,0.18666666666666668,Positif,0.2027777777777778,0.6805555555555555,Positif
Abu bakar Shi,Terima kasih mobile JKN,5,4.2.3,2022-10-12 05:18:47,1.0,1.0,1.0,Positif,Thanks mobile JKN,thanks mobile jkn,thanks mobile jkn,"['thanks', 'mobile', 'jkn']","['thanks', 'mobile', 'jkn']",2.0,Positif,0.125,0.0,0.125,Positif,0.9,Positif,0.2,0.2,Positif
khairunnas karampi,Aplikasi nya mantap,5,4.2.3,2022-12-20 03:33:34,1.0,1.0,1.0,Positif,The app is steady.,the app is steady,the app is steady.,"['the', 'app', 'is', 'steady']","['the', 'app', 'be', 'steady']",0.0,Netral,0.375,0.75,-0.375,Negatif,0.884,Positif,0.16666666666666666,0.5,Positif
Popon Nurhayati,Susah login pada malam hari gimana mana lagi berobat kan susah ke masyarakat,1,4.3.0,2023-01-30 18:22:41,-1.0,-1.0,-1.0,Negatif,It's hard to log in at night how else to treat people,its hard to log in at night how else to treat people,it's hard to log in at night how else to treat people,"['its', 'hard', 'to', 'log', 'in', 'at', 'night', 'how', 'else', 'to', 'treat', 'people']","['its', 'hard', 'to', 'log', 'in', 'at', 'night', 'how', 'else', 'to', 'treat', 'people']",-1.0,Negatif,0.0,0.75,-0.75,Negatif,0.0030000000000000027,Netral,-0.2916666666666667,0.5416666666666666,Negatif
Dias Fiki,Good,5,4.3.0,2023-01-16 04:56:19,1.0,1.0,1.0,Positif,Good,good,good,['good'],['good'],3.0,Positif,0.75,0.0,0.75,Positif,0.191,Positif,0.7,0.6000000000000001,Positif
siti aminah,minta di update terus yang ujung2nya ga bisa di pake ini aplikasi. kesel banget,1,4.3.0,2023-01-27 15:22:38,-1.0,-1.0,-1.0,Negatif,Ask for an update. The ends can't be used. It's an app.,ask for an update the ends cant be used its an app,ask for an update. the ends can't be used. it's an app.,"['ask', 'for', 'an', 'update', 'the', 'ends', 'cant', 'be', 'used', 'its', 'an', 'app']","['ask', 'for', 'an', 'update', 'the', 'end', 'cant', 'be', 'use', 'its', 'an', 'app']",0.0,Netral,0.25,0.125,0.125,Positif,0.9,Positif,0.0,0.0,Netral
Maria Anastasya,Apakah kode OTP hanya boleh dikirim lewat SMS? Tolong ditambahkan pilihan untuk dikirim melalui WA yang lebih membantu user. Terima kasih,4,4.3.0,2023-01-25 10:50:20,0.0,-1.0,0.0,Netral,Should OTP code be sent only via text message? Please add options to send through WA that are more helpful to the user. Thank you.,should otp code be sent only via text message please add options to send through wa that are more helpful to the user thank you,should otp code be sent only via text message? please add options to send through wa that are more helpful to the user. thank you.,"['should', 'otp', 'code', 'be', 'sent', 'only', 'via', 'text', 'message', 'please', 'add', 'options', 'to', 'send', 'through', 'wa', 'that', 'are', 'more', 'helpful', 'to', 'the', 'user', 'thank', 'you']","['should', 'otp', 'code', 'be', 'send', 'only', 'via', 'text', 'message', 'please', 'add', 'option', 'to', 'send', 'through', 'wa', 'that', 'be', 'more', 'helpful', 'to', 'the', 'user', 'thank', 'you']",5.0,Positif,1.375,0.5,0.875,Positif,0.030800000000000004,Netral,0.25,0.75,Positif
Tri Suci Yuliarni,good👍,5,4.2.3,2022-01-01 15:23:00,1.0,1.0,1.0,Positif,good,good,good,['good'],['good'],3.0,Positif,0.75,0.0,0.75,Positif,0.191,Positif,0.7,0.6000000000000001,Positif
Maman Apc,Sangat membatu banget terimakasih jkn..,5,4.3.0,2023-01-12 07:23:42,1.0,1.0,1.0,Positif,"That's very, very hard. Thank you. No, no, no, no, no, no, no, no, no, no.",thats very very hard thank you no no no no no no no no no no,"that's very, very hard. thank you. no, no, no, no, no, no, no, no, no, no.","['thats', 'very', 'very', 'hard', 'thank', 'you', 'no', 'no', 'no', 'no', 'no', 'no', 'no', 'no', 'no', 'no']","['thats', 'very', 'very', 'hard', 'thank', 'you', 'no', 'no', 'no', 'no', 'no', 'no', 'no', 'no', 'no', 'no']",-9.0,Negatif,0.5,1.25,-0.75,Negatif,0.47950000000000004,Positif,-0.3791666666666667,0.7041666666666666,Negatif
Niken Tania,Sangat membantu,5,4.3.0,2023-01-17 07:26:51,1.0,1.0,1.0,Positif,Very helpful.,very helpful,very helpful.,"['very', 'helpful']","['very', 'helpful']",2.0,Positif,0.5,0.25,0.25,Positif,-0.94,Negatif,0.2,0.3,Positif
Theldo Foenay,"Aplikasinya pakai jam kerja ya..daftar jam 10 malm tdk bisa,,wkwkwk..",1,4.3.0,2023-01-18 14:57:53,-1.0,-1.0,-1.0,Negatif,"The application's working hours..the list is at 10 malm can't,wkwwkwk..",the applications working hoursthe list is at malm cantwkwwkwk,"the application's working hours..the list is at 10 malm can't,wkwwkwk..","['the', 'applications', 'working', 'hoursthe', 'list', 'is', 'at', 'malm', 'cantwkwwkwk']","['the', 'application', 'work', 'hoursthe', 'list', 'be', 'at', 'malm', 'cantwkwwkwk']",0.0,Netral,0.25,0.125,0.125,Positif,0.5765,Positif,0.0,0.0,Netral
anjar purwono,"crash on login on android os v4.4, v4.2",5,4.2.3,2022-01-14 00:52:00,-1.0,0.0,-1.0,Negatif,"crash on login on android v4.4.4, v4.2",crash on login on android v v,"crash on login on android v4.4.4, v4.2","['crash', 'on', 'login', 'on', 'android', 'v', 'v']","['crash', 'on', 'login', 'on', 'android', 'v', 'v']",-2.0,Negatif,0.0,0.0,0.0,Netral,0.13,Positif,0.0,0.0,Netral
Nurning Sabariah,"Kenapa tidak bisa ganti faskes yaa?dulu sebelum di.update aplikasinya,saya bisa pindah faskes dri mobile jkn.tapi skg sy mau pindah faskes tapi tidak ada halamannya..tolong penting sekali..mohon bantuan secepat mungkin",1,4.3.0,2023-01-13 12:40:31,-1.0,-1.0,-1.0,Negatif,"Why can't I change the faskes? Yes? Before the app update, I can move the faskes from the mobile.",why cant i change the faskes yes before the app update i can move the faskes from the mobile,"why can't i change the faskes? yes? before the app update, i can move the faskes from the mobile.","['why', 'cant', 'i', 'change', 'the', 'faskes', 'yes', 'before', 'the', 'app', 'update', 'i', 'can', 'move', 'the', 'faskes', 'from', 'the', 'mobile']","['why', 'cant', 'i', 'change', 'the', 'faskes', 'yes', 'before', 'the', 'app', 'update', 'i', 'can', 'move', 'the', 'faskes', 'from', 'the', 'mobile']",1.0,Positif,0.0,0.0,0.0,Netral,0.605,Positif,0.0,0.0,Netral
Tutut Arif,Pemakaian bpjs selama ini baik2 sj,5,4.2.3,2022-12-06 10:26:12,1.0,1.0,1.0,Positif,The use of bpjs has always been good,the use of bpjs has always been good,the use of bpjs has always been good,"['the', 'use', 'of', 'bpjs', 'has', 'always', 'been', 'good']","['the', 'use', 'of', 'bpjs', 'have', 'always', 'be', 'good']",3.0,Positif,1.25,0.125,1.125,Positif,0.191,Positif,0.7,0.6000000000000001,Positif
Rachmat Hidayat,"Aplikasinya sebenarnya sudah bagus sekali tapi sayang nomer HP nya hanya bisa digunakan untuk mendaftarkan sekali saja, sedangkan saya ingin mengecek/mencetak kartu KIS anak saya tidak bisa karena hanya punya 1 nomer HP saja. Saran saya semoga kedepannya 1 nomer HP bisa untuk mendaftarkan 1 keluarga, karena tidak mungkin semua keluarga harus punya HP sendiri-sendiri. Terima kasih 🙏",5,4.2.3,2022-01-23 03:01:00,0.0,1.0,1.0,Positif,"The application is actually very good but unfortunately the phone number can only be used to register once, while I want to check my child's cis card because I only have one phone number. I hope that in the future one phone number can register one family, because there's no way that all families should have their own cell phones.",the application is actually very good but unfortunately the phone number can only be used to register once while i want to check my childs cis card because i only have one phone number i hope that in the future one phone number can register one family because theres no way that all families should have their own cell phones,"the application is actually very good but unfortunately the phone number can only be used to register once, while i want to check my child's cis card because i only have one phone number. i hope that in the future one phone number can register one family, because there's no way that all families should have their own cell phones.","['the', 'application', 'is', 'actually', 'very', 'good', 'but', 'unfortunately', 'the', 'phone', 'number', 'can', 'only', 'be', 'used', 'to', 'register', 'once', 'while', 'i', 'want', 'to', 'check', 'my', 'childs', 'cis', 'card', 'because', 'i', 'only', 'have', 'one', 'phone', 'number', 'i', 'hope', 'that', 'in', 'the', 'future', 'one', 'phone', 'number', 'can', 'register', 'one', 'family', 'because', 'theres', 'no', 'way', 'that', 'all', 'families', 'should', 'have', 'their', 'own', 'cell', 'phones']","['the', 'application', 'be', 'actually', 'very', 'good', 'but', 'unfortunately', 'the', 'phone', 'number', 'can', 'only', 'be', 'use', 'to', 'register', 'once', 'while', 'i', 'want', 'to', 'check', 'my', 'child', 'cis', 'card', 'because', 'i', 'only', 'have', 'one', 'phone', 'number', 'i', 'hope', 'that', 'in', 'the', 'future', 'one', 'phone', 'number', 'can', 'register', 'one', 'family', 'because', 'theres', 'no', 'way', 'that', 'all', 'family', 'should', 'have', 'their', 'own', 'cell', 'phone']",5.0,Positif,3.25,2.625,0.625,Positif,0.4588,Positif,0.1683333333333333,0.8175,Positif
radit jo89,Sangat membantu,5,4.2.3,2022-01-18 08:19:00,1.0,1.0,1.0,Positif,Very helpful.,very helpful,very helpful.,"['very', 'helpful']","['very', 'helpful']",2.0,Positif,0.5,0.25,0.25,Positif,-0.94,Negatif,0.2,0.3,Positif
Endick28,Mantap,5,4.3.0,2023-01-19 05:27:44,1.0,1.0,1.0,Positif,Steady.,steady,steady.,['steady'],['steady'],0.0,Netral,0.125,0.625,-0.5,Negatif,0.884,Positif,0.16666666666666666,0.5,Positif
Desy Haryanti,"Kenapa ya ga bisa masuk lebih dr 3 akun... Saya kan daftarin orang tua, mertua, adik, giliran saya mau bikin buat saya ga bisa krna udah pernah login 3 dinomor ktp yg berbeda... Hadeuh masa harus ganti hp?",2,4.3.0,2023-01-24 10:36:34,-1.0,-1.0,-1.0,Negatif,"Why can't I get into more than three accounts... and I've signed up for parents, in-laws, sisters, my turn to make me miss the fact that I've already logged 3 different numbers...",why cant i get into more than three accounts and ive signed up for parents inlaws sisters my turn to make me miss the fact that ive already logged different numbers,"why can't i get into more than three accounts... and i've signed up for parents, in-laws, sisters, my turn to make me miss the fact that i've already logged 3 different numbers...","['why', 'cant', 'i', 'get', 'into', 'more', 'than', 'three', 'accounts', 'and', 'ive', 'signed', 'up', 'for', 'parents', 'inlaws', 'sisters', 'my', 'turn', 'to', 'make', 'me', 'miss', 'the', 'fact', 'that', 'ive', 'already', 'logged', 'different', 'numbers']","['why', 'cant', 'i', 'get', 'into', 'more', 'than', 'three', 'account', 'and', 'ive', 'sign', 'up', 'for', 'parent', 'inlaws', 'sister', 'my', 'turn', 'to', 'make', 'me', 'miss', 'the', 'fact', 'that', 'ive', 'already', 'log', 'different', 'number']",-2.0,Negatif,0.875,0.625,0.25,Positif,0.20566666666666666,Positif,0.25,0.55,Positif
Otak Kroak,Ok good,5,4.2.3,2022-01-24 12:05:00,1.0,1.0,1.0,Positif,Ok good,ok good,ok good,"['ok', 'good']","['ok', 'good']",3.0,Positif,1.0,0.0,1.0,Positif,0.281,Positif,0.6,0.55,Positif
Erni Erni,Good job,1,4.2.3,2022-10-10 03:18:59,1.0,1.0,1.0,Positif,Good job,good job,good job,"['good', 'job']","['good', 'job']",3.0,Positif,0.75,0.0,0.75,Positif,0.1805,Positif,0.7,0.6000000000000001,Positif
abdul wakhid,Terimakasih,5,4.3.0,2023-01-27 00:41:43,1.0,0.0,1.0,Positif,Thank you.,thank you,thank you.,"['thank', 'you']","['thank', 'you']",2.0,Positif,0.0,0.0,0.0,Netral,0.9,Positif,0.0,0.0,Netral
MOHAMMAD ASROR AFRIZAL,Siiiplah,5,4.2.3,2022-01-09 05:21:00,1.0,1.0,1.0,Positif,"Come on, come on, come on, come on, come on, come on, come on, come on, come on, come on, come on, come on, come on, come on, come on, come on, come on, come on, come on, come on, come on, come on, come on, come on, come on, come on, come on, come on.",come on come on come on come on come on come on come on come on come on come on come on come on come on come on come on come on come on come on come on come on come on come on come on come on come on come on come on come on,"come on, come on, come on, come on, come on, come on, come on, come on, come on, come on, come on, come on, come on, come on, come on, come on, come on, come on, come on, come on, come on, come on, come on, come on, come on, come on, come on, come on.","['come', 'on', 'come', 'on', 'come', 'on', 'come', 'on', 'come', 'on', 'come', 'on', 'come', 'on', 'come', 'on', 'come', 'on', 'come', 'on', 'come', 'on', 'come', 'on', 'come', 'on', 'come', 'on', 'come', 'on', 'come', 'on', 'come', 'on', 'come', 'on', 'come', 'on', 'come', 'on', 'come', 'on', 'come', 'on', 'come', 'on', 'come', 'on', 'come', 'on', 'come', 'on', 'come', 'on', 'come', 'on']","['come', 'on', 'come', 'on', 'come', 'on', 'come', 'on', 'come', 'on', 'come', 'on', 'come', 'on', 'come', 'on', 'come', 'on', 'come', 'on', 'come', 'on', 'come', 'on', 'come', 'on', 'come', 'on', 'come', 'on', 'come', 'on', 'come', 'on', 'come', 'on', 'come', 'on', 'come', 'on', 'come', 'on', 'come', 'on', 'come', 'on', 'come', 'on', 'come', 'on', 'come', 'on', 'come', 'on', 'come', 'on']",0.0,Netral,0.0,0.0,0.0,Netral,0.0,Netral,0.0,0.0,Netral
Abian ell akhdan chanel,program pemerintah yang sangat membantu masyarakat,5,4.3.0,2023-01-27 01:00:00,1.0,1.0,1.0,Positif,It's a government program that helps people a lot.,its a government program that helps people a lot,it's a government program that helps people a lot.,"['its', 'a', 'government', 'program', 'that', 'helps', 'people', 'a', 'lot']","['its', 'a', 'government', 'program', 'that', 'help', 'people', 'a', 'lot']",2.0,Positif,0.0,0.0,0.0,Netral,0.9,Positif,0.0,0.0,Netral
Surya D'hero,Apakah setelah ikut program REHAP belum bisa dipakai berobat mohon informasinya,4,4.3.0,2023-01-03 22:34:51,0.0,0.0,0.0,Netral,Whether after participating in the REHAP program can not be used medically request information,whether after participating in the rehap program can not be used medically request information,whether after participating in the rehap program can not be used medically request information,"['whether', 'after', 'participating', 'in', 'the', 'rehap', 'program', 'can', 'not', 'be', 'used', 'medically', 'request', 'information']","['whether', 'after', 'participate', 'in', 'the', 'rehap', 'program', 'can', 'not', 'be', 'use', 'medically', 'request', 'information']",0.0,Netral,0.25,0.75,-0.5,Negatif,0.5715,Positif,0.0,0.0,Netral
User Adisetia,"Sangat membantu, tdk perlu lagi antri d kantor cabang",5,4.2.3,2022-10-20 04:07:01,1.0,1.0,1.0,Positif,"It's very helpful, no need to line up at the branch office.",its very helpful no need to line up at the branch office,"it's very helpful, no need to line up at the branch office.","['its', 'very', 'helpful', 'no', 'need', 'to', 'line', 'up', 'at', 'the', 'branch', 'office']","['its', 'very', 'helpful', 'no', 'need', 'to', 'line', 'up', 'at', 'the', 'branch', 'office']",1.0,Positif,0.625,0.375,0.25,Positif,-0.94,Negatif,0.2,0.3,Positif
rozikin hidayat,mantap,5,4.3.0,2023-01-01 13:30:00,1.0,1.0,1.0,Positif,"It's all right, it's all right, it's all right, it's all right, it's all right, it's all right, it's all right, it's all right, it's all right, it's all right, it's all right, it's all right, it's all right, it's all right, it's all right, it's all right, it's all right, it's all right, it's all right, it's all right, it's all right, it's all right, it's all right, it's all right, it's good, it's all right, it's all right, it's all right, it's all right, it's good, it's good, it's good, it's good, it's good, it's good, it's good, it's good, it's good, it's good, it's good, it's good, it's good, it's good, it's good, it's good, it's good, it's good, it's good, it's good, it's good, it's good, it's good, it's good. it's good, it's good, it's good, it's good. it's good, it's good it's good it's good, it's good it's good, it's good it's good it's good it's good, it's good it's good, it's good, it's good it's good it's good it's good it's good it's good, it's good, it's good. it's good, it's good. it's good, it's good, it's good, it's good, it's good, it's good, it's good, it's good, it's good, it's good, it's good, it's good, it's good, it's good, it's good, it's good, it's good, it's good, it's good",its all right its all right its all right its all right its all right its all right its all right its all right its all right its all right its all right its all right its all right its all right its all right its all right its all right its all right its all right its all right its all right its all right its all right its all right its good its all right its all right its all right its all right its good its good its good its good its good its good its good its good its good its good its good its good its good its good its good its good its good its good its good its good its good its good its good its good its good its good its good its good its good its good its good its good its good its good its good its good its good its good its good its good its good its good its good its good its good its good its good its good its good its good its good its good its good its good its good its good its good its good its good its good its good its good its good its good its good its good its good its good its good its good,"it's all right, it's all right, it's all right, it's all right, it's all right, it's all right, it's all right, it's all right, it's all right, it's all right, it's all right, it's all right, it's all right, it's all right, it's all right, it's all right, it's all right, it's all right, it's all right, it's all right, it's all right, it's all right, it's all right, it's all right, it's good, it's all right, it's all right, it's all right, it's all right, it's good, it's good, it's good, it's good, it's good, it's good, it's good, it's good, it's good, it's good, it's good, it's good, it's good, it's good, it's good, it's good, it's good, it's good, it's good, it's good, it's good, it's good, it's good, it's good. it's good, it's good, it's good, it's good. it's good, it's good it's good it's good, it's good it's good, it's good it's good it's good it's good, it's good it's good, it's good, it's good it's good it's good it's good it's good it's good, it's good, it's good. it's good, it's good. it's good, it's good, it's good, it's good, it's good, it's good, it's good, it's good, it's good, it's good, it's good, it's good, it's good, it's good, it's good, it's good, it's good, it's good, it's good","['its', 'all', 'right', 'its', 'all', 'right', 'its', 'all', 'right', 'its', 'all', 'right', 'its', 'all', 'right', 'its', 'all', 'right', 'its', 'all', 'right', 'its', 'all', 'right', 'its', 'all', 'right', 'its', 'all', 'right', 'its', 'all', 'right', 'its', 'all', 'right', 'its', 'all', 'right', 'its', 'all', 'right', 'its', 'all', 'right', 'its', 'all', 'right', 'its', 'all', 'right', 'its', 'all', 'right', 'its', 'all', 'right', 'its', 'all', 'right', 'its', 'all', 'right', 'its', 'all', 'right', 'its', 'all', 'right', 'its', 'all', 'right', 'its', 'good', 'its', 'all', 'right', 'its', 'all', 'right', 'its', 'all', 'right', 'its', 'all', 'right', 'its', 'good', 'its', 'good', 'its', 'good', 'its', 'good', 'its', 'good', 'its', 'good', 'its', 'good', 'its', 'good', 'its', 'good', 'its', 'good', 'its', 'good', 'its', 'good', 'its', 'good', 'its', 'good', 'its', 'good', 'its', 'good', 'its', 'good', 'its', 'good', 'its', 'good', 'its', 'good', 'its', 'good', 'its', 'good', 'its', 'good', 'its', 'good', 'its', 'good', 'its', 'good', 'its', 'good', 'its', 'good', 'its', 'good', 'its', 'good', 'its', 'good', 'its', 'good', 'its', 'good', 'its', 'good', 'its', 'good', 'its', 'good', 'its', 'good', 'its', 'good', 'its', 'good', 'its', 'good', 'its', 'good', 'its', 'good', 'its', 'good', 'its', 'good', 'its', 'good', 'its', 'good', 'its', 'good', 'its', 'good', 'its', 'good', 'its', 'good', 'its', 'good', 'its', 'good', 'its', 'good', 'its', 'good', 'its', 'good', 'its', 'good', 'its', 'good', 'its', 'good', 'its', 'good', 'its', 'good', 'its', 'good', 'its', 'good', 'its', 'good', 'its', 'good', 'its', 'good', 'its', 'good', 'its', 'good', 'its', 'good', 'its', 'good', 'its', 'good']","['its', 'all', 'right', 'its', 'all', 'right', 'its', 'all', 'right', 'its', 'all', 'right', 'its', 'all', 'right', 'its', 'all', 'right', 'its', 'all', 'right', 'its', 'all', 'right', 'its', 'all', 'right', 'its', 'all', 'right', 'its', 'all', 'right', 'its', 'all', 'right', 'its', 'all', 'right', 'its', 'all', 'right', 'its', 'all', 'right', 'its', 'all', 'right', 'its', 'all', 'right', 'its', 'all', 'right', 'its', 'all', 'right', 'its', 'all', 'right', 'its', 'all', 'right', 'its', 'all', 'right', 'its', 'all', 'right', 'its', 'all', 'right', 'its', 'good', 'its', 'all', 'right', 'its', 'all', 'right', 'its', 'all', 'right', 'its', 'all', 'right', 'its', 'good', 'its', 'good', 'its', 'good', 'its', 'good', 'its', 'good', 'its', 'good', 'its', 'good', 'its', 'good', 'its', 'good', 'its', 'good', 'its', 'good', 'its', 'good', 'its', 'good', 'its', 'good', 'its', 'good', 'its', 'good', 'its', 'good', 'its', 'good', 'its', 'good', 'its', 'good', 'its', 'good', 'its', 'good', 'its', 'good', 'its', 'good', 'its', 'good', 'its', 'good', 'its', 'good', 'its', 'good', 'its', 'good', 'its', 'good', 'its', 'good', 'its', 'good', 'its', 'good', 'its', 'good', 'its', 'good', 'its', 'good', 'its', 'good', 'its', 'good', 'its', 'good', 'its', 'good', 'its', 'good', 'its', 'good', 'its', 'good', 'its', 'good', 'its', 'good', 'its', 'good', 'its', 'good', 'its', 'good', 'its', 'good', 'its', 'good', 'its', 'good', 'its', 'good', 'its', 'good', 'its', 'good', 'its', 'good', 'its', 'good', 'its', 'good', 'its', 'good', 'its', 'good', 'its', 'good', 'its', 'good', 'its', 'good', 'its', 'good', 'its', 'good', 'its', 'good', 'its', 'good', 'its', 'good', 'its', 'good', 'its', 'good', 'its', 'good']",213.0,Positif,53.25,0.0,53.25,Positif,0.19100000000000025,Positif,0.5828282828282837,0.5818181818181829,Positif
Sandi Tias,Amazing,5,4.3.0,2023-01-30 23:52:07,1.0,1.0,1.0,Positif,Amazing,amazing,amazing,['amazing'],['amaze'],4.0,Positif,0.0,0.25,-0.25,Negatif,-0.73,Negatif,0.6000000000000001,0.9,Positif
Car Street,Cara daftar autodebit knpa gagal melulu (permintaan blom diproses),1,4.3.0,2023-01-03 06:09:47,1.0,-1.0,-1.0,Negatif,Autodebit listing failed (volunt request was processed),autodebit listing failed volunt request was processed,autodebit listing failed (volunt request was processed),"['autodebit', 'listing', 'failed', 'volunt', 'request', 'was', 'processed']","['autodebit', 'list', 'fail', 'volunt', 'request', 'be', 'process']",-2.0,Negatif,0.25,0.25,0.0,Netral,0.0345,Netral,-0.5,0.3,Negatif
Kadek Tembem,Ok,5,4.2.3,2022-01-18 12:07:00,1.0,1.0,1.0,Positif,"All right, all right, all right, all right, all right, all right, all right, all right, all right, all right, all right, all right, all right, let's go, let's go, let's go, let's go, let's go, let's go, let's go, let's go, let's go, let's go, let's go, let's go, let's go, let's go, let's go, let's go, let's go, let's go, let's go, let's go, let's go, let's go, let's go, let's go, let's go, let's go, let's go, let's go, let's go, let's go, let's go, let's go, let's go, let's go, let's go, let's go, let's go, let's go, let's go, let's go, let's go, let's go, let's go, let's go, let's go, let's go, let's go, let's go, let's go,",all right all right all right all right all right all right all right all right all right all right all right all right all right lets go lets go lets go lets go lets go lets go lets go lets go lets go lets go lets go lets go lets go lets go lets go lets go lets go lets go lets go lets go lets go lets go lets go lets go lets go lets go lets go lets go lets go lets go lets go lets go lets go lets go lets go lets go lets go lets go lets go lets go lets go lets go lets go lets go lets go lets go lets go lets go lets go,"all right, all right, all right, all right, all right, all right, all right, all right, all right, all right, all right, all right, all right, let's go, let's go, let's go, let's go, let's go, let's go, let's go, let's go, let's go, let's go, let's go, let's go, let's go, let's go, let's go, let's go, let's go, let's go, let's go, let's go, let's go, let's go, let's go, let's go, let's go, let's go, let's go, let's go, let's go, let's go, let's go, let's go, let's go, let's go, let's go, let's go, let's go, let's go, let's go, let's go, let's go, let's go, let's go, let's go, let's go, let's go, let's go, let's go, let's go,","['all', 'right', 'all', 'right', 'all', 'right', 'all', 'right', 'all', 'right', 'all', 'right', 'all', 'right', 'all', 'right', 'all', 'right', 'all', 'right', 'all', 'right', 'all', 'right', 'all', 'right', 'lets', 'go', 'lets', 'go', 'lets', 'go', 'lets', 'go', 'lets', 'go', 'lets', 'go', 'lets', 'go', 'lets', 'go', 'lets', 'go', 'lets', 'go', 'lets', 'go', 'lets', 'go', 'lets', 'go', 'lets', 'go', 'lets', 'go', 'lets', 'go', 'lets', 'go', 'lets', 'go', 'lets', 'go', 'lets', 'go', 'lets', 'go', 'lets', 'go', 'lets', 'go', 'lets', 'go', 'lets', 'go', 'lets', 'go', 'lets', 'go', 'lets', 'go', 'lets', 'go', 'lets', 'go', 'lets', 'go', 'lets', 'go', 'lets', 'go', 'lets', 'go', 'lets', 'go', 'lets', 'go', 'lets', 'go', 'lets', 'go', 'lets', 'go', 'lets', 'go', 'lets', 'go', 'lets', 'go', 'lets', 'go', 'lets', 'go', 'lets', 'go', 'lets', 'go', 'lets', 'go', 'lets', 'go', 'lets', 'go']","['all', 'right', 'all', 'right', 'all', 'right', 'all', 'right', 'all', 'right', 'all', 'right', 'all', 'right', 'all', 'right', 'all', 'right', 'all', 'right', 'all', 'right', 'all', 'right', 'all', 'right', 'let', 'go', 'let', 'go', 'let', 'go', 'let', 'go', 'let', 'go', 'let', 'go', 'let', 'go', 'let', 'go', 'let', 'go', 'let', 'go', 'let', 'go', 'let', 'go', 'let', 'go', 'let', 'go', 'let', 'go', 'let', 'go', 'let', 'go', 'let', 'go', 'let', 'go', 'let', 'go', 'let', 'go', 'let', 'go', 'let', 'go', 'let', 'go', 'let', 'go', 'let', 'go', 'let', 'go', 'let', 'go', 'let', 'go', 'let', 'go', 'let', 'go', 'let', 'go', 'let', 'go', 'let', 'go', 'let', 'go', 'let', 'go', 'let', 'go', 'let', 'go', 'let', 'go', 'let', 'go', 'let', 'go', 'let', 'go', 'let', 'go', 'let', 'go', 'let', 'go', 'let', 'go', 'let', 'go', 'let', 'go', 'let', 'go']",0.0,Netral,2.75,0.0,2.75,Positif,0.0,Netral,0.28571428571428564,0.5357142857142857,Positif
Ike Mardiana,"Aplikasi the best 😍 Mempermudah bangettttt, terimakasih jkn mobileeeee",5,4.3.0,2023-01-09 08:05:15,1.0,1.0,1.0,Positif,The best application is very easy. Thank you.,the best application is very easy thank you,the best application is very easy. thank you.,"['the', 'best', 'application', 'is', 'very', 'easy', 'thank', 'you']","['the', 'best', 'application', 'be', 'very', 'easy', 'thank', 'you']",6.0,Positif,1.875,0.625,1.25,Positif,0.5315,Positif,0.7816666666666667,0.65,Positif
Asep Deeka,Simple dan mudah digunakan,5,4.2.3,2022-01-22 00:01:00,1.0,1.0,1.0,Positif,Simple and easy to use,simple and easy to use,simple and easy to use,"['simple', 'and', 'easy', 'to', 'use']","['simple', 'and', 'easy', 'to', 'use']",1.0,Positif,0.625,0.25,0.375,Positif,0.8300000000000001,Positif,0.21666666666666667,0.5952380952380952,Positif
Selamet Heri,Luar biasa sangat membantu terimakasi mobile JKN,5,4.2.3,2022-01-02 01:38:00,1.0,1.0,1.0,Positif,Amazingly helpful mobile acceptance of JKN,amazingly helpful mobile acceptance of jkn,amazingly helpful mobile acceptance of jkn,"['amazingly', 'helpful', 'mobile', 'acceptance', 'of', 'jkn']","['amazingly', 'helpful', 'mobile', 'acceptance', 'of', 'jkn']",3.0,Positif,0.625,0.25,0.375,Positif,-0.30499999999999994,Negatif,0.6000000000000001,0.9,Positif
Rokhman,Oke,5,4.2.3,2022-12-02 14:26:07,1.0,1.0,1.0,Positif,Okay.,okay,okay.,['okay'],['okay'],0.0,Netral,0.125,0.125,0.0,Netral,0.17,Positif,0.5,0.5,Positif
